{"loss": [1.3077741861343384, 0.8447952270507812, 0.6789065599441528, 0.6071338653564453, 0.5026029348373413, 0.4413831830024719, 0.41599172353744507, 0.37879136204719543, 0.33719539642333984, 0.27911221981048584, 0.2844630181789398, 0.3023902475833893, 0.2686355710029602, 0.2757709324359894, 0.20830713212490082, 0.2164517194032669, 0.23381637036800385, 0.2202662229537964, 0.1858987957239151, 0.22530914843082428, 0.23997007310390472, 0.18703283369541168, 0.16264954209327698, 0.19497863948345184, 0.20742842555046082, 0.20080840587615967, 0.16440999507904053, 0.18473771214485168, 0.17714400589466095, 0.2630721926689148], "accuracy": [0.5598591566085815, 0.7146034240722656, 0.7727019786834717, 0.7946627140045166, 0.8272794485092163, 0.854058563709259, 0.8629540205001831, 0.8768532276153564, 0.8858413696289062, 0.9103039503097534, 0.9056708812713623, 0.9020570516586304, 0.915770947933197, 0.9111378788948059, 0.9343958497047424, 0.9296701550483704, 0.9272609353065491, 0.9312453866004944, 0.9391215443611145, 0.928372859954834, 0.9260563254356384, 0.9400481581687927, 0.9517235159873962, 0.944032609462738, 0.9364343881607056, 0.9419013857841492, 0.9482950568199158, 0.9454225301742554, 0.9473684430122375, 0.9244810938835144], "val_loss": [0.7844409942626953, 0.7262861728668213, 0.7866373658180237, 0.5732373595237732, 0.5747115015983582, 0.5201054811477661, 0.5416755080223083, 0.4855040907859802, 0.4285382926464081, 0.45173385739326477, 0.4503272473812103, 0.4752064645290375, 0.4973209798336029, 0.3559558391571045, 0.4443725049495697, 0.34575751423835754, 0.3486074209213257, 0.4254665672779083, 0.3908432722091675, 0.405292272567749, 0.49103042483329773, 0.34796035289764404, 0.3142900764942169, 0.4263279438018799, 0.38094258308410645, 0.28777042031288147, 0.3587682247161865, 0.3229379653930664, 0.4218176603317261, 0.4363116919994354], "val_accuracy": [0.7183098793029785, 0.758339524269104, 0.7398072481155396, 0.8180133700370789, 0.8054113984107971, 0.8194959163665771, 0.82320237159729, 0.8495181798934937, 0.8758339285850525, 0.8684210777282715, 0.8487768769264221, 0.8580430150032043, 0.8632320165634155, 0.8843587636947632, 0.8535952568054199, 0.8910303711891174, 0.8962194323539734, 0.8769459128379822, 0.9002965092658997, 0.8873239159584045, 0.8773165345191956, 0.8988139629364014, 0.917346179485321, 0.8999258875846863, 0.890659749507904, 0.9203113317489624, 0.9043735861778259, 0.9073387980461121, 0.8836175203323364, 0.8813936114311218]}